City_ID,City,Country,Date,Lat,Lng,Max Temp,Humidity,Cloudiness,Wind Speed,Description
0,Umm Lajj,SA,2022-01-23 18:23:43,25.0213,37.2685,66.74,58,0,12.35,clear sky
1,Atuona,PF,2022-01-23 18:15:15,-9.8,-139.0333,78.49,75,15,17.4,few clouds
2,Puerto Ayora,EC,2022-01-23 18:16:31,-0.7393,-90.3518,80.56,80,93,10.76,overcast clouds
3,Busselton,AU,2022-01-23 18:16:28,-33.65,115.3333,64.04,86,38,13.06,scattered clouds
4,Luba,GQ,2022-01-23 18:23:43,3.4568,8.5547,80.49,77,19,5.95,few clouds
5,Abengourou,CI,2022-01-23 18:23:43,6.7297,-3.4964,83.68,20,4,1.79,clear sky
6,Kisangani,CD,2022-01-23 18:23:44,0.5167,25.2,79.11,60,95,2.68,overcast clouds
7,Salinas,US,2022-01-23 18:20:11,36.6777,-121.6555,64.83,48,0,16.11,clear sky
8,Heishan,CN,2022-01-23 18:23:44,41.6892,122.1128,10.78,64,47,10.78,scattered clouds
9,Jamestown,US,2022-01-23 18:14:10,42.097,-79.2353,26.1,64,100,5.99,mist
10,Hithadhoo,MV,2022-01-23 18:17:46,-0.6,73.0833,81.9,75,73,16.55,broken clouds
11,Thompson,CA,2022-01-23 18:23:45,55.7435,-97.8558,-12.84,70,40,8.05,scattered clouds
12,Butaritari,KI,2022-01-23 18:17:37,3.0707,172.7902,81.64,80,87,17.22,overcast clouds
13,Asau,RO,2022-01-23 18:23:45,46.4333,26.4,21.96,84,99,9.19,overcast clouds
14,Kodiak,US,2022-01-23 18:23:45,57.79,-152.4072,38.71,87,100,9.22,overcast clouds
15,Oistins,BB,2022-01-23 18:23:45,13.0667,-59.5333,84.29,58,20,19.57,few clouds
16,Albany,US,2022-01-23 18:16:27,42.6001,-73.9662,29.48,55,100,1.01,overcast clouds
17,Ushuaia,AR,2022-01-23 18:11:26,-54.8,-68.3,56.86,58,75,6.91,broken clouds
18,Lebu,CL,2022-01-23 18:23:46,-37.6167,-73.65,65.05,70,7,9.6,clear sky
19,Saint-Francois,FR,2022-01-23 18:23:46,46.4154,3.9054,36.48,84,100,4.61,overcast clouds
20,Qaanaaq,GL,2022-01-23 18:23:46,77.484,-69.3632,-6.03,71,100,4.7,overcast clouds
21,Lasa,IT,2022-01-23 18:23:47,46.6166,10.7002,41.88,66,1,5.99,clear sky
22,Barabai,ID,2022-01-23 18:16:25,-2.5833,115.3833,74.5,93,55,1.77,light rain
23,Hilo,US,2022-01-23 18:23:47,19.7297,-155.09,74.12,85,75,4.61,broken clouds
24,Port Hardy,CA,2022-01-23 18:23:47,50.6996,-127.4199,35.78,100,75,4.61,broken clouds
25,East London,ZA,2022-01-23 18:23:48,-33.0153,27.9116,74.34,78,0,17.27,clear sky
26,Blyznyuky,UA,2022-01-23 18:23:48,48.8578,36.5551,22.12,93,100,15.97,overcast clouds
27,Rikitea,PF,2022-01-23 18:16:29,-23.1203,-134.9692,78.26,75,100,14.74,overcast clouds
28,Acapulco,MX,2022-01-23 18:19:01,16.8634,-99.8901,87.62,45,0,3.44,clear sky
29,Sangar,RU,2022-01-23 18:23:49,63.9242,127.4739,-27.0,99,100,2.84,overcast clouds
30,Punta Arenas,CL,2022-01-23 18:14:03,-53.15,-70.9167,57.31,58,100,17.27,overcast clouds
31,Nouadhibou,MR,2022-01-23 18:23:49,20.931,-17.0347,71.58,68,100,12.66,overcast clouds
32,Kralendijk,BQ,2022-01-23 18:23:49,12.15,-68.2667,85.98,54,20,14.97,few clouds
33,York,US,2022-01-23 18:23:49,40.1254,-77.0,36.48,52,20,4.61,few clouds
34,Faanui,PF,2022-01-23 18:23:50,-16.4833,-151.75,81.09,73,99,18.23,overcast clouds
35,Yining,CN,2022-01-23 18:23:50,29.0361,114.5636,43.47,94,100,2.26,overcast clouds
36,Yellowknife,CA,2022-01-23 18:15:35,62.456,-114.3525,-17.59,76,20,8.05,few clouds
37,Port Lincoln,AU,2022-01-23 18:23:50,-34.7333,135.8667,68.2,96,80,5.86,broken clouds
38,Treinta Y Tres,UY,2022-01-23 18:23:51,-33.2333,-54.3833,95.25,45,76,7.07,light rain
39,Vaini,TO,2022-01-23 18:16:32,-21.2,-175.2,75.36,94,20,3.44,few clouds
40,Pisco,PE,2022-01-23 18:23:51,-13.7,-76.2167,75.02,73,0,11.5,clear sky
41,Barrow,US,2022-01-23 18:23:51,71.2906,-156.7887,-2.18,71,100,4.61,overcast clouds
42,Tete,MZ,2022-01-23 18:23:52,-16.1564,33.5867,80.69,78,75,3.44,broken clouds
43,Port Blair,IN,2022-01-23 18:23:52,11.6667,92.75,73.44,94,20,2.3,mist
44,Saskylakh,RU,2022-01-23 18:23:52,71.9167,114.0833,-7.78,100,97,5.37,overcast clouds
45,Puerto Guzman,CO,2022-01-23 18:23:53,0.9703,-76.5858,81.0,82,94,2.08,overcast clouds
46,Erenhot,CN,2022-01-23 18:24:53,43.6475,111.9767,9.3,97,92,1.81,overcast clouds
47,Nikolskoye,RU,2022-01-23 18:24:53,59.7035,30.7861,25.72,94,100,8.03,light snow
48,Mwense,ZM,2022-01-23 18:24:54,-10.3845,28.698,66.13,94,62,3.89,broken clouds
49,Khandbari,NP,2022-01-23 18:24:54,27.3747,87.2039,47.64,79,65,3.91,broken clouds
50,Torbay,CA,2022-01-23 18:15:24,47.6666,-52.7314,29.75,93,100,24.16,overcast clouds
51,Cape Town,ZA,2022-01-23 18:15:44,-33.9258,18.4232,71.28,87,75,18.41,broken clouds
52,Bento Goncalves,BR,2022-01-23 18:24:54,-29.1714,-51.5192,98.35,47,54,5.01,broken clouds
53,Hermanus,ZA,2022-01-23 18:16:30,-34.4187,19.2345,69.8,88,9,6.42,clear sky
54,Lorengau,PG,2022-01-23 18:17:36,-2.0226,147.2712,82.54,79,100,11.81,overcast clouds
55,Iquitos,PE,2022-01-23 18:24:52,-3.7481,-73.2472,87.84,66,75,9.22,broken clouds
56,Tolmin,SI,2022-01-23 18:24:55,46.183,13.7332,40.55,79,6,8.01,clear sky
57,Bambous Virieux,MU,2022-01-23 18:24:55,-20.3428,57.7575,81.21,83,40,8.05,scattered clouds
58,Ribeira Grande,PT,2022-01-23 18:22:31,38.5167,-28.7,63.0,59,20,10.36,few clouds
59,Yuzhno-Sukhokumsk,RU,2022-01-23 18:24:56,44.6581,45.6436,39.24,88,96,11.74,overcast clouds
60,Sao Filipe,CV,2022-01-23 18:19:54,14.8961,-24.4956,74.59,72,98,13.94,overcast clouds
61,Bredasdorp,ZA,2022-01-23 18:16:26,-34.5322,20.0403,74.52,69,19,11.5,few clouds
62,Kavieng,PG,2022-01-23 18:24:56,-2.5744,150.7967,81.48,76,72,4.74,light rain
63,Grand Gaube,MU,2022-01-23 18:24:56,-20.0064,57.6608,81.37,82,72,4.0,broken clouds
64,Springbok,ZA,2022-01-23 18:24:57,-29.6643,17.8865,74.39,52,87,9.04,overcast clouds
65,Monticello,US,2022-01-23 18:24:57,45.3055,-93.7941,4.8,72,100,4.61,overcast clouds
66,Minas De Barroteran,MX,2022-01-23 18:24:57,27.6333,-101.2833,43.03,60,100,3.15,overcast clouds
67,Longyearbyen,SJ,2022-01-23 18:19:50,78.2186,15.6401,17.44,62,0,14.97,clear sky
68,Copiapo,CL,2022-01-23 18:24:58,-27.3667,-70.3333,83.44,27,71,10.92,broken clouds
69,Vao,NC,2022-01-23 18:24:58,-22.6667,167.4833,77.56,68,33,12.1,scattered clouds
70,Islamkot,PK,2022-01-23 18:24:58,24.6997,70.177,61.09,31,0,5.26,clear sky
71,Faya,SA,2022-01-23 18:24:59,18.3851,42.4509,55.51,67,12,3.78,few clouds
72,Chuy,UY,2022-01-23 18:24:59,-33.6971,-53.4616,87.4,61,91,7.27,light rain
73,Cidreira,BR,2022-01-23 18:24:59,-30.1811,-50.2056,84.11,68,6,15.08,clear sky
74,San Patricio,US,2022-01-23 18:16:34,28.017,-97.5169,57.29,43,100,5.14,overcast clouds
75,Meghraj,IN,2022-01-23 18:25:00,23.5,73.5,56.28,30,0,7.87,clear sky
76,Namatanai,PG,2022-01-23 18:25:00,-3.6667,152.4333,79.21,82,49,3.04,scattered clouds
77,Skelleftea,SE,2022-01-23 18:25:00,64.7507,20.9528,45.0,57,0,4.0,clear sky
78,Saint-Louis,SN,2022-01-23 18:25:00,16.3333,-15.0,92.84,6,39,16.28,scattered clouds
79,Sal Rei,CV,2022-01-23 18:25:01,16.1833,-22.9167,73.96,83,100,20.71,overcast clouds
80,Pevek,RU,2022-01-23 18:25:01,69.7008,170.3133,-13.2,96,100,19.04,overcast clouds
81,Tasiilaq,GL,2022-01-23 18:17:37,65.6145,-37.6368,15.96,45,8,21.32,clear sky
82,Feuchtwangen,DE,2022-01-23 18:25:01,49.1667,10.3333,37.67,89,98,1.01,overcast clouds
83,Helong,CN,2022-01-23 18:25:02,42.5397,128.9972,7.43,88,5,4.54,clear sky
84,Arraial Do Cabo,BR,2022-01-23 18:25:02,-22.9661,-42.0278,85.96,69,0,18.41,clear sky
85,Mataura,NZ,2022-01-23 18:16:26,-46.1927,168.8643,51.48,82,89,1.32,overcast clouds
86,Bubaque,GW,2022-01-23 18:17:40,11.2833,-15.8333,79.48,74,32,13.76,scattered clouds
87,Hobart,AU,2022-01-23 18:16:33,-42.8794,147.3294,61.27,88,99,5.75,overcast clouds
88,Port Alfred,ZA,2022-01-23 18:16:29,-33.5906,26.891,76.33,73,2,30.62,clear sky
89,Avarua,CK,2022-01-23 18:15:15,-21.2078,-159.775,80.65,89,100,12.66,overcast clouds
90,Riyadh,SA,2022-01-23 18:25:03,24.6877,46.7219,59.14,28,1,9.06,clear sky
91,Norman Wells,CA,2022-01-23 18:20:12,65.282,-126.8329,3.24,72,75,16.11,broken clouds
92,Kibaya,TZ,2022-01-23 18:25:03,-5.3,36.5667,61.68,88,100,1.1,overcast clouds
93,Kruisfontein,ZA,2022-01-23 18:25:04,-34.0033,24.7314,76.89,69,1,3.04,clear sky
94,Bluff,NZ,2022-01-23 18:16:34,-46.6,168.3333,51.8,70,93,2.35,overcast clouds
95,Alofi,NU,2022-01-23 18:26:04,-19.0595,-169.9187,76.89,88,16,8.05,few clouds
96,Maraba,BR,2022-01-23 18:24:21,-5.3686,-49.1178,87.98,70,20,3.44,few clouds
97,Karratha,AU,2022-01-23 18:26:04,-20.7377,116.8463,82.89,72,100,15.37,light rain
98,Yumen,CN,2022-01-23 18:26:05,40.2833,97.2,20.25,51,11,4.12,few clouds
99,Sembakung,ID,2022-01-23 18:26:05,3.8167,117.25,78.73,98,74,0.69,broken clouds
100,Honningsvag,NO,2022-01-23 18:16:28,70.9821,25.9704,36.93,80,75,29.93,broken clouds
101,Broome,US,2022-01-23 18:26:05,42.2506,-75.833,30.02,66,100,4.0,overcast clouds
102,Mar Del Plata,AR,2022-01-23 18:17:44,-38.0023,-57.5575,84.22,45,75,11.99,broken clouds
103,Luderitz,NA,2022-01-23 18:26:06,-26.6481,15.1594,80.51,55,89,13.53,overcast clouds
104,Cap Malheureux,MU,2022-01-23 18:26:06,-19.9842,57.6142,81.46,82,71,4.0,broken clouds
105,New Norfolk,AU,2022-01-23 18:19:48,-42.7826,147.0587,60.91,72,99,2.26,overcast clouds
106,Kapaa,US,2022-01-23 18:17:43,22.0752,-159.319,70.12,85,100,4.61,moderate rain
107,Kaeo,NZ,2022-01-23 18:26:07,-35.1,173.7833,68.32,95,100,9.48,light rain
108,Upernavik,GL,2022-01-23 18:26:07,72.7868,-56.1549,-14.85,65,6,5.44,clear sky
109,Georgetown,MY,2022-01-23 18:16:33,5.4112,100.3354,80.89,87,20,0.0,few clouds
110,Codrington,AU,2022-01-23 18:17:40,-38.2667,141.9667,70.47,52,100,8.37,overcast clouds
111,Cayenne,GF,2022-01-23 18:17:41,4.9333,-52.3333,78.1,88,75,1.01,mist
112,Svetlyy,RU,2022-01-23 18:26:08,54.675,20.1347,32.97,88,58,7.18,broken clouds
113,Tezu,IN,2022-01-23 18:26:08,27.9167,96.1667,59.16,49,100,3.85,overcast clouds
114,Juneau,US,2022-01-23 18:26:08,58.3019,-134.4197,40.84,97,100,4.61,mist
115,Dingle,PH,2022-01-23 18:26:08,10.9995,122.6711,74.5,93,92,6.64,overcast clouds
116,Norsup,VU,2022-01-23 18:26:09,-16.0667,167.3833,81.61,81,69,5.61,broken clouds
117,Ust-Maya,RU,2022-01-23 18:26:09,60.4167,134.5333,-13.5,100,100,0.96,overcast clouds
118,Berlevag,NO,2022-01-23 18:26:09,70.8578,29.0864,37.4,81,100,31.85,overcast clouds
119,Kushmurun,KZ,2022-01-23 18:26:10,52.4503,64.6311,-3.33,95,94,6.46,overcast clouds
120,Cururupu,BR,2022-01-23 18:26:10,-1.8283,-44.8683,84.22,69,39,6.53,moderate rain
121,Provideniya,RU,2022-01-23 18:26:10,64.3833,-173.3,3.4,97,100,7.43,light snow
122,Ponta Do Sol,PT,2022-01-23 18:17:37,32.6667,-17.1,68.72,77,90,5.14,overcast clouds
123,Moerai,PF,2022-01-23 18:26:11,-22.4333,-151.3333,79.5,79,100,21.88,light rain
124,Najran,SA,2022-01-23 18:26:11,17.4924,44.1277,59.65,38,21,4.29,few clouds
125,Carmen,MX,2022-01-23 18:26:11,18.6333,-91.8333,77.04,78,75,7.16,mist
126,Kaseda,JP,2022-01-23 18:26:11,31.4167,130.3167,55.85,90,98,6.2,overcast clouds
127,Enna,IT,2022-01-23 18:26:12,37.5588,14.2892,43.56,70,0,6.91,clear sky
128,Narsaq,GL,2022-01-23 18:23:04,60.9167,-46.05,19.62,73,91,10.92,overcast clouds
129,Ponnampet,IN,2022-01-23 18:26:12,12.15,75.9333,57.9,94,6,1.41,clear sky
130,Quelimane,MZ,2022-01-23 18:22:39,-17.8786,36.8883,75.38,97,99,7.18,moderate rain
131,Huangmei,CN,2022-01-23 18:26:13,30.1924,116.025,45.37,93,100,1.14,overcast clouds
132,Ogbomosho,NG,2022-01-23 18:26:13,8.133,4.25,84.83,17,20,5.93,few clouds
133,Orizona,BR,2022-01-23 18:26:13,-17.0314,-48.2958,86.18,42,17,3.91,few clouds
134,Umm Kaddadah,SD,2022-01-23 18:26:14,13.6017,26.6876,66.24,14,15,12.97,few clouds
135,Atasu,KZ,2022-01-23 18:26:14,48.6814,71.6433,10.42,88,100,4.83,overcast clouds
136,Japura,ID,2022-01-23 18:26:14,-0.3167,102.35,73.89,96,99,1.54,overcast clouds
137,Fairhope,US,2022-01-23 18:26:15,30.523,-87.9033,50.05,38,0,4.0,clear sky
138,Haines Junction,CA,2022-01-23 18:27:15,60.7522,-137.5108,24.75,74,80,2.3,broken clouds
139,Necochea,AR,2022-01-23 18:23:42,-38.5473,-58.7368,79.03,53,74,12.24,broken clouds
140,Mamlyutka,KZ,2022-01-23 18:27:15,54.9375,68.5394,-10.8,100,85,0.74,overcast clouds
141,Belle Fourche,US,2022-01-23 18:27:16,44.6714,-103.8522,52.9,35,100,22.08,overcast clouds
142,San Quintin,MX,2022-01-23 18:27:16,30.4833,-115.95,63.14,44,0,1.97,clear sky
143,Caravelas,BR,2022-01-23 18:27:17,-17.7125,-39.2481,83.26,57,86,8.28,overcast clouds
144,Grindavik,IS,2022-01-23 18:27:17,63.8424,-22.4338,30.15,100,75,31.07,snow
145,Te Anau,NZ,2022-01-23 18:23:10,-45.4167,167.7167,42.94,95,36,1.52,scattered clouds
146,Kupang,ID,2022-01-23 18:27:17,-10.1667,123.5833,75.78,100,40,3.44,scattered clouds
147,Dudinka,RU,2022-01-23 18:27:17,69.4058,86.1778,-16.13,100,99,4.12,overcast clouds
148,Araouane,ML,2022-01-23 18:27:18,18.9048,-3.5265,71.74,12,48,11.88,scattered clouds
149,Healdsburg,US,2022-01-23 18:27:18,38.6105,-122.8692,60.69,65,0,2.46,clear sky
150,Piacabucu,BR,2022-01-23 18:27:18,-10.4056,-36.4344,85.91,57,90,9.91,overcast clouds
151,Souillac,MU,2022-01-23 18:27:19,-20.5167,57.5167,81.36,83,40,8.05,scattered clouds
152,Sitka,US,2022-01-23 18:27:19,57.0531,-135.33,39.09,93,100,5.75,mist
153,Port-Gentil,GA,2022-01-23 18:27:19,-0.7193,8.7815,78.76,89,40,6.91,scattered clouds
154,Hamilton,US,2022-01-23 18:24:18,39.1834,-84.5333,37.76,72,100,1.01,overcast clouds
155,Victoria,HK,2022-01-23 18:25:30,22.2855,114.1577,68.95,92,99,1.01,light rain
156,Ancud,CL,2022-01-23 18:27:20,-41.8697,-73.8203,68.43,72,98,11.54,overcast clouds
157,Salvador,SV,2022-01-23 18:27:20,13.8333,-88.9167,88.2,34,12,3.47,few clouds
158,Kaura Namoda,NG,2022-01-23 18:27:20,12.5898,6.5779,75.16,14,52,9.98,broken clouds
159,Lixourion,GR,2022-01-23 18:27:21,38.2019,20.4314,35.46,52,28,20.24,scattered clouds
160,Valle De Guadalupe,MX,2022-01-23 18:27:21,21.0,-102.6167,67.73,35,64,4.12,broken clouds
161,Lompoc,US,2022-01-23 18:27:21,34.6391,-120.4579,71.13,54,0,4.61,clear sky
162,Kirovo-Chepetsk,RU,2022-01-23 18:27:22,58.5539,50.0399,4.91,100,92,3.02,overcast clouds
163,Tommot,RU,2022-01-23 18:27:22,58.9564,126.2925,-0.8,98,100,4.74,overcast clouds
164,Lavrentiya,RU,2022-01-23 18:27:22,65.5833,-171.0,-4.88,100,100,4.97,overcast clouds
165,Zyryanka,RU,2022-01-23 18:27:22,65.75,150.85,-30.28,98,100,2.95,overcast clouds
166,Bochnia,PL,2022-01-23 18:27:23,49.9691,20.4303,30.38,80,100,0.2,overcast clouds
167,Dikson,RU,2022-01-23 18:27:23,73.5069,80.5464,-11.15,100,100,12.17,overcast clouds
168,Isangel,VU,2022-01-23 18:27:23,-19.55,169.2667,79.92,82,9,2.37,clear sky
169,Carnarvon,AU,2022-01-23 18:27:24,-24.8667,113.6333,80.67,61,7,20.71,clear sky
170,Vestmanna,FO,2022-01-23 18:27:24,62.1564,-7.1664,40.12,81,100,23.02,drizzle
171,Maler Kotla,IN,2022-01-23 18:27:24,30.5167,75.8833,49.33,91,61,3.0,broken clouds
172,Bethel,US,2022-01-23 18:27:24,41.3712,-73.414,36.46,50,0,3.0,light rain
173,Anadyr,RU,2022-01-23 18:27:25,64.75,177.4833,-17.9,75,75,11.01,broken clouds
174,Nanortalik,GL,2022-01-23 18:27:25,60.1432,-45.2371,22.03,81,92,6.24,overcast clouds
175,Hovd,MN,2022-01-23 18:27:25,48.0056,91.6419,-1.71,74,0,5.91,clear sky
176,Khatanga,RU,2022-01-23 18:27:26,71.9667,102.5,-19.84,100,95,1.74,overcast clouds
177,Ostersund,SE,2022-01-23 18:27:26,63.1792,14.6357,41.45,60,73,6.91,broken clouds
178,Hasaki,JP,2022-01-23 18:27:26,35.7333,140.8333,39.6,86,100,10.85,overcast clouds
179,Rocha,UY,2022-01-23 18:27:27,-34.4833,-54.3333,79.5,82,100,8.41,overcast clouds
180,Osakarovka,KZ,2022-01-23 18:27:27,50.565,72.5692,-0.58,92,100,6.78,overcast clouds
181,Klaksvik,FO,2022-01-23 18:27:27,62.2266,-6.589,41.92,94,100,27.27,overcast clouds
182,Mahibadhoo,MV,2022-01-23 18:27:27,3.7833,72.9667,81.45,70,94,10.36,overcast clouds
183,Windhoek,NA,2022-01-23 18:27:28,-22.5594,17.0832,76.1,33,94,8.05,overcast clouds
184,Hami,CN,2022-01-23 18:27:28,42.8,93.45,24.21,55,4,4.12,clear sky
185,Los Llanos De Aridane,ES,2022-01-23 18:28:28,28.6585,-17.9182,65.95,95,75,1.99,broken clouds
186,Owando,CG,2022-01-23 18:28:29,-0.4819,15.8999,84.31,43,100,2.37,overcast clouds
187,Ardakan,IR,2022-01-23 18:28:29,32.31,54.0175,39.58,19,0,2.08,clear sky
188,Chingirlau,KZ,2022-01-23 18:28:29,51.095,54.0814,7.81,90,97,10.36,overcast clouds
189,Ketchikan,US,2022-01-23 18:28:29,55.3422,-131.6461,44.58,100,100,12.66,light rain
190,Kaitangata,NZ,2022-01-23 18:28:30,-46.2817,169.8464,53.92,73,89,1.77,overcast clouds
191,Saint-Philippe,RE,2022-01-23 18:28:30,-21.3585,55.7679,81.99,83,73,10.56,broken clouds
192,Nizwa,OM,2022-01-23 18:28:30,22.9333,57.5333,64.31,33,0,2.15,clear sky
193,Ostrovnoy,RU,2022-01-23 18:28:31,68.0531,39.5131,25.02,91,98,26.37,overcast clouds
194,Ekuvukeni,ZA,2022-01-23 18:28:31,-28.4675,30.1551,61.79,79,3,5.95,clear sky
195,Beruwala,LK,2022-01-23 18:28:31,6.4788,79.9828,76.21,78,84,2.19,broken clouds
196,Bardiyah,LY,2022-01-23 18:28:32,31.7561,25.0865,51.31,53,97,19.84,overcast clouds
197,Bud,US,2022-01-23 18:28:32,39.447,-86.1758,36.25,76,99,17.52,overcast clouds
198,Fukue,JP,2022-01-23 18:28:32,32.6881,128.8419,54.75,72,100,32.41,overcast clouds
199,Bemidji,US,2022-01-23 18:28:33,47.4736,-94.8803,1.18,76,75,3.44,broken clouds
200,Santiago Del Estero,AR,2022-01-23 18:28:33,-27.7951,-64.2615,90.07,51,85,11.5,overcast clouds
201,Craig,US,2022-01-23 18:25:26,40.5153,-107.5464,18.59,78,0,0.0,clear sky
202,Port Elizabeth,ZA,2022-01-23 18:28:33,-33.918,25.5701,79.11,77,0,10.36,clear sky
203,Quatre Cocos,MU,2022-01-23 18:28:34,-20.2078,57.7625,81.09,79,87,12.48,overcast clouds
204,Independencia,BR,2022-01-23 18:28:34,-5.3964,-40.3086,93.54,29,59,8.99,broken clouds
205,Polunochnoye,RU,2022-01-23 18:28:34,60.8697,60.4153,4.82,96,75,2.98,broken clouds
206,Lagos,NG,2022-01-23 18:27:24,6.5833,3.75,84.52,68,14,7.11,few clouds
207,Yen Bai,VN,2022-01-23 18:28:34,21.7,104.8667,66.52,92,41,0.94,scattered clouds
208,Castro,BR,2022-01-23 18:28:35,-24.7911,-50.0119,87.66,39,0,3.83,clear sky
209,Ojinaga,MX,2022-01-23 18:28:35,29.5667,-104.4167,53.56,53,0,8.05,clear sky
210,Porto Novo,BJ,2022-01-23 18:28:35,6.4965,2.6036,82.22,63,26,8.5,scattered clouds
211,Iqaluit,CA,2022-01-23 18:28:36,63.7506,-68.5145,-7.87,64,100,5.75,light snow
212,Maceio,BR,2022-01-23 18:26:36,-9.6658,-35.7353,85.44,70,75,17.27,thunderstorm
213,Tuktoyaktuk,CA,2022-01-23 18:28:36,69.4541,-133.0374,3.2,85,100,14.97,light snow
214,Jasper,US,2022-01-23 18:28:37,37.2001,-94.3502,52.05,49,0,3.0,clear sky
215,Takoradi,GH,2022-01-23 18:28:37,4.8845,-1.7554,80.92,75,6,8.61,clear sky
216,Clyde River,CA,2022-01-23 18:28:37,70.4692,-68.5914,-10.97,77,100,25.32,light snow
217,Laguna,US,2022-01-23 18:28:37,38.421,-121.4238,63.23,74,0,1.99,clear sky
218,Octeville,FR,2022-01-23 18:28:38,49.6261,-1.6435,40.78,87,100,11.5,overcast clouds
219,Saldanha,ZA,2022-01-23 18:28:38,-33.0117,17.9442,69.85,96,49,12.17,scattered clouds
220,Roebourne,AU,2022-01-23 18:28:38,-20.7833,117.1333,83.25,71,100,15.48,light rain
221,Tiksi,RU,2022-01-23 18:28:39,71.6872,128.8694,-7.28,98,100,5.41,overcast clouds
222,Ilulissat,GL,2022-01-23 18:28:39,69.2167,-51.1,10.42,48,100,10.36,overcast clouds
223,Chekhov,RU,2022-01-23 18:28:39,55.1431,37.4711,3.36,100,89,3.15,light snow
224,Lima,PE,2022-01-23 18:28:39,-12.0432,-77.0282,77.25,61,0,6.91,clear sky
225,Chokurdakh,RU,2022-01-23 18:28:40,70.6333,147.9167,-23.55,100,98,6.46,overcast clouds
226,Beyneu,KZ,2022-01-23 18:28:40,45.3167,55.2,27.93,85,79,18.21,broken clouds
227,High Level,CA,2022-01-23 18:28:40,58.5169,-117.136,3.31,92,100,4.61,light snow
228,Zhigansk,RU,2022-01-23 18:28:41,66.7697,123.3711,-9.18,98,100,13.31,light snow
229,Puerto Colombia,CO,2022-01-23 18:28:41,10.9878,-74.9547,86.09,72,91,22.53,overcast clouds
230,Leninsk,RU,2022-01-23 18:28:41,48.7119,45.1994,26.46,87,100,18.23,overcast clouds
231,Menongue,AO,2022-01-23 18:29:41,-14.6585,17.691,70.84,61,87,5.03,overcast clouds
232,Nome,US,2022-01-23 18:29:42,64.5011,-165.4064,8.67,73,0,9.22,clear sky
233,Am Timan,TD,2022-01-23 18:29:42,11.0297,20.2827,80.71,17,10,4.23,clear sky
234,Chany,RU,2022-01-23 18:29:42,55.3121,76.7647,-10.07,100,44,5.86,scattered clouds
235,Port Hedland,AU,2022-01-23 18:29:43,-20.3167,118.5667,84.25,84,97,6.91,overcast clouds
236,Chamonix-Mont-Blanc,FR,2022-01-23 18:29:43,45.9238,6.8693,35.49,89,11,4.68,few clouds
237,Saint-Joseph,RE,2022-01-23 18:29:43,-21.3667,55.6167,80.98,81,63,11.92,broken clouds
238,Tiznit,MA,2022-01-23 18:29:43,29.5833,-9.5,61.77,49,30,7.11,scattered clouds
239,Pangnirtung,CA,2022-01-23 18:29:44,66.1451,-65.7125,-0.4,55,75,8.05,broken clouds
240,Fenelon Falls,CA,2022-01-23 18:29:44,44.5334,-78.7496,15.03,72,54,9.48,broken clouds
241,Sao Joao Da Barra,BR,2022-01-23 18:29:44,-21.6403,-41.0511,86.09,75,24,12.28,few clouds
242,Nizhniy Tsasuchey,RU,2022-01-23 18:29:45,50.5167,115.1333,-1.01,99,100,2.66,overcast clouds
243,Storebo,NO,2022-01-23 18:29:45,60.0948,5.2271,45.77,97,96,8.99,overcast clouds
244,Tilichiki,RU,2022-01-23 18:29:45,60.4667,166.1,-21.1,87,37,7.38,scattered clouds
245,Touros,BR,2022-01-23 18:28:52,-5.1989,-35.4608,88.7,61,1,10.83,clear sky
246,Sarakhs,IR,2022-01-23 18:29:46,36.5449,61.1577,33.94,60,0,2.3,clear sky
247,Fairbanks,US,2022-01-23 18:29:46,64.8378,-147.7164,11.3,85,75,0.0,broken clouds
248,Izumo,JP,2022-01-23 18:29:46,35.3667,132.7667,46.35,83,100,16.89,light rain
249,Picayune,US,2022-01-23 18:29:47,30.5255,-89.6795,50.88,50,3,5.08,clear sky
250,Mahebourg,MU,2022-01-23 18:29:47,-20.4081,57.7,81.25,83,40,8.05,scattered clouds
251,Nanchang,CN,2022-01-23 18:29:47,28.6833,115.8833,46.87,86,100,8.03,overcast clouds
252,Cabra,ES,2022-01-23 18:29:47,37.4725,-4.4421,52.66,62,96,2.01,overcast clouds
253,Richards Bay,ZA,2022-01-23 18:28:01,-28.783,32.0377,71.42,78,34,5.3,scattered clouds
254,Maningrida,AU,2022-01-23 18:29:48,-12.0667,134.2667,77.65,91,100,5.61,overcast clouds
255,Hervey Bay,AU,2022-01-23 18:29:48,-25.2986,152.8535,69.03,89,41,4.0,scattered clouds
256,Lambarene,GA,2022-01-23 18:29:48,-0.7001,10.2406,81.75,72,62,1.92,broken clouds
257,Coihaique,CL,2022-01-23 18:27:54,-45.5752,-72.0662,60.75,55,75,9.22,broken clouds
258,Bowen,AU,2022-01-23 18:29:49,-20.0167,148.2333,70.02,70,73,8.14,broken clouds
259,Qaqortoq,GL,2022-01-23 18:29:49,60.7167,-46.0333,19.9,80,97,10.76,overcast clouds
260,Malanje,AO,2022-01-23 18:29:49,-9.5402,16.341,66.6,87,81,2.93,broken clouds
261,Fortuna,US,2022-01-23 18:29:50,40.5982,-124.1573,62.94,59,0,1.01,clear sky
262,Bengkulu,ID,2022-01-23 18:29:50,-3.8004,102.2655,75.7,90,83,3.98,broken clouds
263,Tuatapere,NZ,2022-01-23 18:29:50,-46.1333,167.6833,51.82,84,85,3.15,overcast clouds
264,Olinda,BR,2022-01-23 18:29:51,-8.0089,-34.8553,85.73,58,20,6.91,few clouds
265,Byron Bay,AU,2022-01-23 18:29:51,-28.65,153.6167,67.95,93,76,10.87,broken clouds
266,Ossora,RU,2022-01-23 18:29:51,59.2353,163.0719,-17.9,83,2,4.25,clear sky
267,Sorong,ID,2022-01-23 18:29:52,-0.8833,131.25,79.66,81,100,4.18,light rain
268,Tabou,CI,2022-01-23 18:29:52,4.423,-7.3528,81.48,75,1,9.15,clear sky
269,Galesong,ID,2022-01-23 18:29:52,-5.3166,119.3661,77.02,83,75,8.93,broken clouds
270,Aklavik,CA,2022-01-23 18:29:53,68.2191,-135.0107,0.43,78,75,8.05,broken clouds
271,Three Hills,CA,2022-01-23 18:25:01,51.7001,-113.2686,42.78,79,100,5.66,overcast clouds
272,Boddam,GB,2022-01-23 18:29:53,57.4667,-1.7833,46.11,83,22,13.15,few clouds
273,Tahta,EG,2022-01-23 18:29:53,26.7693,31.5021,54.68,43,0,7.16,clear sky
274,Airai,TL,2022-01-23 18:29:54,-8.9266,125.4092,60.87,84,100,2.1,overcast clouds
275,Gazanjyk,TM,2022-01-23 18:29:54,39.2446,55.5154,39.18,56,69,14.81,broken clouds
276,Kirakira,SB,2022-01-23 18:30:54,-10.4544,161.9205,80.4,84,74,5.21,broken clouds
277,Cherskiy,RU,2022-01-23 18:30:54,68.75,161.3,-32.46,96,100,3.96,overcast clouds
278,Morondava,MG,2022-01-23 18:30:55,-20.2833,44.2833,85.68,60,96,17.72,overcast clouds
279,Leshukonskoye,RU,2022-01-23 18:30:55,64.8989,45.7622,10.2,92,100,9.22,overcast clouds
280,Diksmuide,BE,2022-01-23 18:30:56,51.0333,2.8667,41.95,83,100,5.75,overcast clouds
281,Soyo,AO,2022-01-23 18:30:56,-6.1349,12.3689,78.85,82,2,9.71,clear sky
282,Kahului,US,2022-01-23 18:30:30,20.8947,-156.47,75.85,81,40,12.66,scattered clouds
283,Wiarton,CA,2022-01-23 18:26:18,44.7407,-81.1332,13.6,61,75,6.91,broken clouds
284,Sistranda,NO,2022-01-23 18:30:56,63.7256,8.834,47.89,70,100,47.71,overcast clouds
285,Bonthe,SL,2022-01-23 18:30:57,7.5264,-12.505,80.33,68,1,8.93,clear sky
286,Itoman,JP,2022-01-23 18:30:57,26.1247,127.6694,72.37,96,75,12.66,broken clouds
287,Vila Velha,BR,2022-01-23 18:30:06,-20.3297,-40.2925,85.95,54,20,13.8,few clouds
288,Lipin Bor,RU,2022-01-23 18:30:57,60.2622,37.9763,9.9,95,100,7.34,overcast clouds
289,Omagari,JP,2022-01-23 18:30:58,39.45,140.4833,32.11,92,100,9.35,light snow
290,Tigil,RU,2022-01-23 18:30:58,57.8,158.6667,-2.63,99,100,3.69,overcast clouds
291,Santa Elena,EC,2022-01-23 18:30:59,-2.2333,-80.85,81.95,74,0,6.91,clear sky
292,Congonhas,BR,2022-01-23 18:30:59,-20.4997,-43.8578,86.41,57,11,8.16,few clouds
293,Rio Gallegos,AR,2022-01-23 18:31:00,-51.6226,-69.2181,62.65,45,40,26.46,scattered clouds
294,Kichera,RU,2022-01-23 18:31:00,55.9375,110.0997,-2.04,80,6,4.88,clear sky
295,Malm,NO,2022-01-23 18:31:02,64.0721,11.2172,47.79,81,99,13.53,overcast clouds
296,Maxixe,MZ,2022-01-23 18:31:02,-23.8597,35.3472,76.82,94,75,16.11,broken clouds
297,Sovetskaya Gavan,RU,2022-01-23 18:31:02,48.9723,140.2878,1.17,86,11,5.88,few clouds
298,Hambantota,LK,2022-01-23 18:31:02,6.1241,81.1185,73.74,100,20,2.3,few clouds
299,Thinadhoo,MV,2022-01-23 18:31:03,0.5333,72.9333,81.95,69,22,14.79,few clouds
300,Vilyuysk,RU,2022-01-23 18:31:04,63.7553,121.6247,-13.43,99,66,5.61,broken clouds
301,Dalby,AU,2022-01-23 18:31:04,-27.1833,151.2667,61.99,90,100,3.31,overcast clouds
302,Vestmannaeyjar,IS,2022-01-23 18:31:05,63.4427,-20.2734,32.99,93,75,31.07,broken clouds
303,Cabo San Lucas,MX,2022-01-23 18:31:05,22.8909,-109.9124,76.6,54,75,1.99,broken clouds
304,Thunder Bay,CA,2022-01-23 18:30:31,48.4001,-89.3168,6.57,55,20,10.36,few clouds
305,Lingao,CN,2022-01-23 18:31:06,19.9103,109.6859,69.64,95,55,7.99,broken clouds
306,Kununurra,AU,2022-01-23 18:31:06,-15.7667,128.7333,78.78,94,100,3.44,overcast clouds
307,Svobodnyy,RU,2022-01-23 18:31:07,51.4,128.1333,-10.17,97,5,4.74,clear sky
308,Sterling,US,2022-01-23 18:31:07,39.0062,-77.4286,40.86,42,75,1.01,broken clouds
309,Sisimiut,GL,2022-01-23 18:31:07,66.9395,-53.6735,15.76,88,100,12.84,light snow
310,Otane,NZ,2022-01-23 18:31:08,-39.8833,176.6333,63.01,90,100,1.61,light rain
311,Whittlesea,ZA,2022-01-23 18:31:08,-32.1759,26.8244,68.05,43,0,2.75,clear sky
312,Santa Isabel,BR,2022-01-23 18:31:09,-23.3156,-46.2214,92.5,60,60,0.54,broken clouds
313,Ebejico,CO,2022-01-23 18:31:09,6.326,-75.7683,85.62,42,100,1.88,overcast clouds
314,Leerdam,NL,2022-01-23 18:31:09,51.8933,5.0917,44.01,83,31,4.09,scattered clouds
315,Chapleau,CA,2022-01-23 18:30:21,47.8405,-83.4034,-2.11,60,0,3.44,clear sky
316,Yenangyaung,MM,2022-01-23 18:31:10,20.4667,94.8833,66.52,53,1,3.96,clear sky
317,Nalut,LY,2022-01-23 18:31:10,30.3333,10.85,48.04,46,7,8.19,clear sky
318,Saint George,US,2022-01-23 18:28:23,37.1041,-113.5841,48.63,44,0,1.99,clear sky
319,Mlalo,TZ,2022-01-23 18:31:11,-4.9333,38.9333,75.87,85,100,6.6,overcast clouds
320,Vanimo,PG,2022-01-23 18:31:11,-2.6741,141.3028,77.38,87,100,3.76,overcast clouds
321,Praia,CV,2022-01-23 18:31:11,14.9215,-23.5087,77.54,50,75,17.27,broken clouds
322,Cleveland,US,2022-01-23 18:30:01,41.4995,-81.6954,29.61,87,100,0.0,fog
323,Mopti,ML,2022-01-23 18:32:12,14.6667,-4.0,84.24,11,0,6.91,clear sky
324,Belaya Gora,RU,2022-01-23 18:32:12,68.5333,146.4167,-30.96,100,96,3.94,overcast clouds
325,Kadhan,PK,2022-01-23 18:32:12,24.481,68.9859,60.19,31,0,6.62,clear sky
326,Flinders,AU,2022-01-23 18:32:13,-34.5833,150.8552,66.2,89,98,4.0,overcast clouds
327,Daru,PG,2022-01-23 18:32:13,-9.0763,143.2092,77.58,92,100,6.46,light rain
328,Beinamar,TD,2022-01-23 18:32:13,8.6698,15.3813,77.07,16,7,5.03,clear sky
329,Bilibino,RU,2022-01-23 18:32:14,68.0546,166.4372,-27.56,95,100,4.32,overcast clouds
330,Buala,SB,2022-01-23 18:32:14,-8.145,159.5921,80.53,83,62,5.17,broken clouds
331,Sola,VU,2022-01-23 18:32:14,-13.8833,167.55,83.75,75,77,14.56,broken clouds
332,Christchurch,NZ,2022-01-23 18:27:47,-43.5333,172.6333,57.02,90,75,1.01,mist
333,Komsomolskiy,UZ,2022-01-23 18:32:15,40.4272,71.7189,36.32,80,75,4.61,mist
334,Berja,ES,2022-01-23 18:32:15,36.8469,-2.9497,51.76,75,91,11.01,overcast clouds
335,Severo-Kurilsk,RU,2022-01-23 18:32:15,50.6789,156.125,25.32,72,100,12.66,overcast clouds
336,Sept-Iles,CA,2022-01-23 18:32:16,50.2001,-66.3821,16.05,81,100,5.75,overcast clouds
337,Half Moon Bay,US,2022-01-23 18:30:21,37.4636,-122.4286,61.92,63,0,1.01,clear sky
338,Taltal,CL,2022-01-23 18:32:16,-25.4,-70.4833,68.83,67,87,6.96,overcast clouds
339,Antofagasta,CL,2022-01-23 18:32:16,-23.65,-70.4,72.21,55,59,10.89,broken clouds
340,Lazaro Cardenas,MX,2022-01-23 18:30:02,17.9583,-102.2,83.71,49,2,8.28,clear sky
341,Meulaboh,ID,2022-01-23 18:32:17,4.1363,96.1285,75.85,89,100,3.09,overcast clouds
342,Petropavlovsk-Kamchatskiy,RU,2022-01-23 18:32:17,53.0452,158.6483,1.99,72,0,11.18,clear sky
343,Kushiro,JP,2022-01-23 18:32:17,42.975,144.3747,22.15,90,100,7.54,overcast clouds
344,Baiyin,CN,2022-01-23 18:32:18,36.5583,104.2081,14.88,57,6,4.9,clear sky
345,Lalsot,IN,2022-01-23 18:32:18,26.5667,76.3333,50.67,60,0,5.03,clear sky
346,Mbengwi,CM,2022-01-23 18:32:18,6.0167,10.0,69.1,33,24,1.39,few clouds
347,Rio Grande,BR,2022-01-23 18:32:19,-32.035,-52.0986,87.91,85,96,7.54,overcast clouds
348,Poum,NC,2022-01-23 18:32:19,-20.2333,164.0167,79.99,70,95,11.1,overcast clouds
349,Matara,LK,2022-01-23 18:32:19,5.9485,80.5353,74.28,84,100,1.88,overcast clouds
350,Fort-Shevchenko,KZ,2022-01-23 18:32:19,44.5086,50.263,36.88,64,100,27.81,overcast clouds
351,Savannah Bight,HN,2022-01-23 18:32:20,16.45,-85.85,80.65,72,3,6.11,clear sky
352,Singaparna,ID,2022-01-23 18:32:20,-7.3515,108.111,72.05,97,95,1.32,overcast clouds
353,Bilma,NE,2022-01-23 18:32:20,18.6853,12.9164,62.44,17,5,10.71,clear sky
354,Tarauaca,BR,2022-01-23 18:32:21,-8.1614,-70.7656,87.26,63,79,3.04,broken clouds
355,San Cristobal,VE,2022-01-23 18:32:21,7.7669,-72.225,80.78,43,96,4.59,overcast clouds
356,Buraydah,SA,2022-01-23 18:29:13,26.326,43.975,61.25,45,0,5.41,clear sky
357,Karasjok,NO,2022-01-23 18:32:22,69.4719,25.5112,35.71,83,100,33.17,overcast clouds
358,Ayan,RU,2022-01-23 18:32:12,56.45,138.1667,8.76,60,100,17.05,overcast clouds
359,Amahai,ID,2022-01-23 18:32:22,-3.3333,128.9167,78.17,83,99,4.23,overcast clouds
360,Rio De Janeiro,BR,2022-01-23 18:27:42,-22.9028,-43.2075,91.62,58,20,12.66,few clouds
361,San Luis,AR,2022-01-23 18:31:29,-33.295,-66.3356,86.85,43,54,5.7,broken clouds
362,Ingham,US,2022-01-23 18:32:22,42.6,-84.3833,21.16,66,100,10.36,overcast clouds
363,Turukhansk,RU,2022-01-23 18:32:23,65.8167,87.9833,2.71,98,100,4.52,overcast clouds
364,Indiaroba,BR,2022-01-23 18:32:23,-11.5192,-37.5117,83.34,65,100,7.92,overcast clouds
365,Rafai,CF,2022-01-23 18:32:23,4.95,23.9167,75.4,34,19,2.15,few clouds
366,Dubuque,US,2022-01-23 18:28:17,42.4833,-90.8668,13.5,61,0,5.75,clear sky
367,Mehamn,NO,2022-01-23 18:32:24,71.0357,27.8492,37.58,75,0,31.07,clear sky
368,Lagoa,PT,2022-01-23 18:32:24,39.05,-27.9833,59.36,63,32,7.74,scattered clouds
369,Opuwo,NA,2022-01-23 18:32:24,-18.0607,13.84,78.71,32,89,11.72,overcast clouds
370,Rudnogorsk,RU,2022-01-23 18:32:24,57.2639,103.7519,-13.5,100,100,0.27,overcast clouds
371,Khani,GE,2022-01-23 18:32:25,41.9563,42.9566,42.37,72,100,10.0,overcast clouds
372,Geraldton,AU,2022-01-23 18:31:24,-28.7667,114.6,73.81,83,40,18.41,scattered clouds
373,Huambo,AO,2022-01-23 18:31:32,-12.7761,15.7392,60.31,90,100,1.95,overcast clouds
374,Manaure,CO,2022-01-23 18:33:25,11.7751,-72.4445,84.31,50,10,14.38,clear sky
375,Svetlaya,RU,2022-01-23 18:33:26,46.5389,138.3297,5.36,78,1,8.34,clear sky
376,San Policarpo,PH,2022-01-23 18:33:26,12.1791,125.5072,78.03,89,100,8.99,overcast clouds
377,Flin Flon,CA,2022-01-23 18:30:32,54.7682,-101.865,-5.96,71,100,5.75,overcast clouds
378,Deputatskiy,RU,2022-01-23 18:33:26,69.3,139.9,-22.79,98,99,5.82,overcast clouds
379,Tartagal,AR,2022-01-23 18:33:27,-22.5164,-63.8013,97.11,38,29,3.85,scattered clouds
380,Cockburn Town,TC,2022-01-23 18:33:27,21.4612,-71.1419,78.22,74,0,10.11,clear sky
381,Sao Gabriel Da Cachoeira,BR,2022-01-23 18:33:27,-0.1303,-67.0892,87.6,66,40,3.44,scattered clouds
382,Talnakh,RU,2022-01-23 18:33:27,69.4865,88.3972,-1.03,99,100,4.47,overcast clouds
383,Puerto Escondido,MX,2022-01-23 18:33:28,15.85,-97.0667,85.03,65,0,6.91,clear sky
384,Saint Anthony,US,2022-01-23 18:30:32,45.0205,-93.218,5.14,69,0,1.99,clear sky
385,Port Augusta,AU,2022-01-23 18:33:28,-32.5,137.7667,73.71,78,0,7.14,clear sky
386,Altamira,BR,2022-01-23 18:30:15,-3.2033,-52.2064,82.49,89,40,2.3,light rain
387,Shikohabad,IN,2022-01-23 18:33:29,27.1,78.6,52.43,92,7,7.54,clear sky
388,Masvingo,ZW,2022-01-23 18:33:29,-20.0637,30.8277,63.48,83,100,9.01,overcast clouds
389,Halifax,CA,2022-01-23 18:29:03,44.6453,-63.5724,35.1,65,82,4.0,broken clouds
390,Srednekolymsk,RU,2022-01-23 18:33:29,67.45,153.6833,-32.76,98,100,6.91,overcast clouds
391,Pitimbu,BR,2022-01-23 18:33:30,-7.4706,-34.8086,86.59,62,81,9.35,broken clouds
392,Hit,IQ,2022-01-23 18:33:30,33.6416,42.8251,47.7,40,64,7.81,broken clouds
393,Linxia,CN,2022-01-23 18:33:30,35.6003,103.2064,26.62,49,90,2.66,overcast clouds
394,Meadow Lake,US,2022-01-23 18:33:30,34.8014,-106.5436,49.48,39,12,3.24,few clouds
395,Boguchany,RU,2022-01-23 18:33:31,58.3814,97.4531,2.95,99,100,1.43,overcast clouds
396,Varkaus,FI,2022-01-23 18:33:31,62.3153,27.873,28.51,97,91,9.44,overcast clouds
397,Kroya,ID,2022-01-23 18:33:32,-7.6331,109.2461,78.3,86,100,5.46,overcast clouds
398,Marquette,US,2022-01-23 18:33:32,46.5333,-87.6335,12.36,58,100,8.77,overcast clouds
399,Labuhan,ID,2022-01-23 18:33:32,-6.8844,112.2051,77.72,88,67,10.74,moderate rain
400,Luanda,AO,2022-01-23 18:33:32,-8.8368,13.2343,77.0,83,20,9.22,few clouds
401,Nacala,MZ,2022-01-23 18:33:33,-14.5428,40.6728,73.26,95,100,13.13,moderate rain
402,Avera,US,2022-01-23 18:33:33,33.194,-82.5271,52.38,24,0,12.88,clear sky
403,Ramanuj Ganj,IN,2022-01-23 18:33:33,23.8,83.7,59.05,84,79,1.63,broken clouds
404,Guiratinga,BR,2022-01-23 18:33:34,-16.3494,-53.7583,83.48,64,55,4.34,heavy intensity rain
405,Plouzane,FR,2022-01-23 18:33:34,48.3833,-4.6167,41.18,90,0,6.91,clear sky
406,Winton,US,2022-01-23 18:33:34,37.3894,-120.6133,66.51,87,0,0.0,haze
407,Soe,ID,2022-01-23 18:33:35,-9.8607,124.284,66.22,84,100,3.94,overcast clouds
408,Chernyshevskiy,RU,2022-01-23 18:33:35,63.0128,112.4714,-7.87,99,75,3.11,broken clouds
409,Todos Santos,MX,2022-01-23 18:33:35,23.45,-110.2167,76.1,60,56,8.81,broken clouds
410,Paamiut,GL,2022-01-23 18:33:36,61.994,-49.6678,21.29,76,100,13.62,overcast clouds
411,Marzuq,YE,2022-01-23 18:33:36,14.4,46.4667,63.72,70,16,0.38,few clouds
412,Arrecife,ES,2022-01-23 18:33:37,28.963,-13.5477,66.27,82,40,3.44,scattered clouds
413,Spokane,US,2022-01-23 18:33:37,47.6166,-117.3677,34.0,95,100,0.0,mist
414,Ormara,PK,2022-01-23 18:33:37,25.2088,64.6357,63.14,27,0,15.59,clear sky
415,Mackay,AU,2022-01-23 18:30:21,-21.15,149.2,73.69,94,40,5.75,scattered clouds
416,Chiang Rai,TH,2022-01-23 18:34:38,19.9167,99.9167,59.13,100,3,2.3,clear sky
417,Acaxochitlan,MX,2022-01-23 18:34:38,20.1667,-98.2,55.9,68,36,6.06,scattered clouds
418,Mao,ES,2022-01-23 18:34:38,39.8885,4.2658,46.96,76,0,5.75,clear sky
419,Margate,GB,2022-01-23 18:34:39,51.3813,1.3862,43.3,77,100,1.99,overcast clouds
420,Zanjan,IR,2022-01-23 18:34:39,36.6736,48.4787,14.34,64,0,4.61,clear sky
421,Toktogul,KG,2022-01-23 18:34:39,41.8708,72.9402,20.55,67,37,3.71,scattered clouds
422,Lethem,GY,2022-01-23 18:34:40,3.3803,-59.7968,91.45,58,40,13.8,scattered clouds
423,Vardo,NO,2022-01-23 18:34:40,70.3705,31.1107,35.8,87,0,28.77,clear sky
424,Kloulklubed,PW,2022-01-23 18:34:40,7.0419,134.2556,77.5,79,43,18.9,scattered clouds
425,Umea,SE,2022-01-23 18:34:41,63.8284,20.2597,37.33,87,0,6.91,clear sky
426,Son La,VN,2022-01-23 18:34:41,21.3167,103.9,55.87,85,0,1.19,clear sky
427,Sinnamary,GF,2022-01-23 18:34:41,5.3833,-52.95,78.93,83,31,9.31,light rain
428,Amga,RU,2022-01-23 18:34:42,60.8953,131.9608,-10.25,100,100,2.44,overcast clouds
429,Pekalongan,ID,2022-01-23 18:34:42,-6.8886,109.6753,78.01,85,100,8.01,light rain
430,Swan River,CA,2022-01-23 18:34:42,52.1058,-101.2676,1.29,85,100,2.3,overcast clouds
431,Cuenca,EC,2022-01-23 18:34:43,-2.8833,-78.9833,69.93,46,75,10.36,broken clouds
432,Muslyumovo,RU,2022-01-23 18:34:43,55.3033,53.1947,16.03,90,100,2.51,overcast clouds
433,Villazon,BO,2022-01-23 18:34:43,-22.0866,-65.5942,64.85,38,88,14.76,overcast clouds
434,Arkhangelsk,RU,2022-01-23 18:34:44,64.5401,40.5433,15.91,92,75,6.71,broken clouds
435,Wharton,US,2022-01-23 18:34:44,29.3116,-96.1027,57.09,35,100,0.0,overcast clouds
436,Sungaipenuh,ID,2022-01-23 18:34:44,-2.0833,101.3833,64.94,97,100,2.57,overcast clouds
437,Tucupita,VE,2022-01-23 18:34:45,9.0622,-62.051,84.87,52,17,7.81,few clouds
438,Havre-Saint-Pierre,CA,2022-01-23 18:34:45,50.2334,-63.5986,19.4,67,100,12.66,overcast clouds
439,Camacha,PT,2022-01-23 18:34:45,33.0833,-16.3333,63.54,72,20,8.05,few clouds
440,Ekangala,ZA,2022-01-23 18:34:46,-25.6962,28.7492,69.78,63,0,3.06,clear sky
441,College,US,2022-01-23 18:30:11,64.8569,-147.8028,11.28,85,75,5.75,broken clouds
442,Basco,PH,2022-01-23 18:34:46,20.4487,121.9702,77.31,82,7,12.5,clear sky
443,Nurota,UZ,2022-01-23 18:34:47,40.5614,65.6886,24.89,75,1,3.85,clear sky
444,Ilebo,CD,2022-01-23 18:34:47,-4.3167,20.5833,71.64,94,100,1.72,light rain
445,Jingdezhen,CN,2022-01-23 18:34:47,29.2947,117.2079,46.6,95,100,3.44,overcast clouds
446,Cordoba,AR,2022-01-23 18:30:34,-31.4135,-64.1811,81.41,65,75,11.5,broken clouds
447,Neuquen,AR,2022-01-23 18:34:48,-38.9516,-68.0591,85.89,20,0,6.91,clear sky
448,Harper,LR,2022-01-23 18:34:48,4.375,-7.7169,79.86,81,0,8.3,clear sky
449,Catuday,PH,2022-01-23 18:34:49,16.2923,119.8062,77.74,79,12,12.06,few clouds
450,Shimoda,JP,2022-01-23 18:34:49,34.6667,138.95,42.91,93,100,2.13,moderate rain
451,Sasykoli,RU,2022-01-23 18:34:49,47.5515,46.9968,27.01,83,100,16.98,overcast clouds
452,Dzaoudzi,YT,2022-01-23 18:34:50,-12.7887,45.2699,82.29,78,100,19.57,overcast clouds
453,Carlagan,PH,2022-01-23 18:34:50,14.975,122.0456,76.59,89,79,4.14,broken clouds
454,Calama,CL,2022-01-23 18:34:50,-22.4667,-68.9333,72.59,25,100,15.08,overcast clouds
455,Miri,MY,2022-01-23 18:34:51,4.4148,114.0089,78.94,94,40,3.44,scattered clouds
456,Seaford,GB,2022-01-23 18:34:51,50.7714,0.1027,43.18,86,100,1.01,overcast clouds
457,Ulladulla,AU,2022-01-23 18:34:51,-35.35,150.4667,63.5,87,91,4.25,overcast clouds
458,Muros,ES,2022-01-23 18:34:52,42.7762,-9.0603,52.84,81,0,3.67,clear sky
459,Gat,IL,2022-01-23 18:34:52,31.61,34.7642,51.78,100,100,7.81,overcast clouds
460,Dubbo,AU,2022-01-23 18:32:01,-32.25,148.6167,64.53,82,95,12.66,overcast clouds
461,Moron,AR,2022-01-23 18:35:52,-34.6534,-58.6198,79.97,76,100,3.49,light rain
462,Manokwari,ID,2022-01-23 18:35:53,-0.8667,134.0833,78.91,80,100,5.35,overcast clouds
463,Leningradskiy,RU,2022-01-23 18:35:53,69.3833,178.4167,-16.38,94,100,7.07,overcast clouds
464,Alice Springs,AU,2022-01-23 18:35:53,-23.7,133.8833,76.55,88,77,5.75,broken clouds
465,Zatoka,UA,2022-01-23 18:35:54,46.0725,30.4654,27.14,73,59,18.9,broken clouds
466,Trenggalek,ID,2022-01-23 18:35:54,-8.05,111.7167,74.75,94,100,4.0,overcast clouds
467,Selma,US,2022-01-23 18:35:54,36.5708,-119.6121,57.9,37,0,3.42,clear sky
468,Brainerd,US,2022-01-23 18:35:55,46.358,-94.2008,1.26,71,0,0.0,clear sky
469,Esperance,AU,2022-01-23 18:35:55,-33.8667,121.9,64.24,87,80,13.04,broken clouds
470,Manoel Urbano,BR,2022-01-23 18:35:55,-8.8389,-69.2597,90.21,50,85,1.16,overcast clouds
471,Krasnoselkup,RU,2022-01-23 18:35:13,65.7,82.4667,-16.51,100,99,5.26,overcast clouds
472,Sete Lagoas,BR,2022-01-23 18:35:56,-19.4658,-44.2467,87.93,50,99,2.01,overcast clouds
473,Yar-Sale,RU,2022-01-23 18:35:56,66.8333,70.8333,0.93,99,84,9.42,broken clouds
474,Murgab,TM,2022-01-23 18:35:56,37.4966,61.9714,37.27,70,0,11.5,clear sky
475,Gogrial,SS,2022-01-23 18:35:57,8.5332,28.1004,79.88,22,13,5.39,few clouds
476,Uberaba,BR,2022-01-23 18:35:57,-19.7483,-47.9319,84.78,58,75,6.91,broken clouds
477,Energeticheskiy,KZ,2022-01-23 18:35:57,43.4278,77.0222,28.96,86,75,4.47,mist
478,Horsham,GB,2022-01-23 18:35:58,51.064,-0.3272,43.02,71,75,1.14,broken clouds
479,Padang,ID,2022-01-23 18:35:58,-0.9492,100.3543,76.5,88,100,4.03,light rain
480,Ismailia,EG,2022-01-23 18:34:14,30.6043,32.2723,53.98,64,98,6.35,overcast clouds
481,Mont-De-Marsan,FR,2022-01-23 18:35:58,44.0,-0.6667,44.44,88,0,4.61,clear sky
482,Stoughton,US,2022-01-23 18:35:59,42.1251,-71.1023,35.71,47,0,1.01,clear sky
483,Port Macquarie,AU,2022-01-23 18:35:59,-31.4333,152.9167,66.16,100,75,3.44,broken clouds
484,Namibe,AO,2022-01-23 18:35:59,-15.1961,12.1522,75.06,87,74,6.8,broken clouds
485,Ratnagiri,IN,2022-01-23 18:35:59,16.9833,73.3,70.18,70,98,8.16,overcast clouds
486,The Valley,AI,2022-01-23 18:36:00,18.217,-63.0578,87.66,69,20,10.36,few clouds
487,Payo,ID,2022-01-23 18:36:00,-3.7508,103.6372,72.77,97,100,2.15,overcast clouds
488,Guerrero Negro,MX,2022-01-23 18:36:00,27.9769,-114.0611,65.05,47,21,5.73,few clouds
489,Kiama,AU,2022-01-23 18:36:01,-34.6833,150.8667,66.0,92,99,1.01,overcast clouds
490,Xuddur,SO,2022-01-23 18:36:01,4.1213,43.8894,78.22,31,35,11.97,scattered clouds
491,Powell River,CA,2022-01-23 18:36:02,49.8496,-124.5361,39.07,100,100,2.3,fog
492,Ankpa,NG,2022-01-23 18:36:02,7.3706,7.6253,78.64,19,6,2.57,clear sky
493,Kysyl-Syr,RU,2022-01-23 18:36:02,63.8986,122.7617,-15.52,100,86,4.5,overcast clouds
494,Miramar,US,2022-01-23 18:36:03,25.9873,-80.2323,66.0,80,100,13.8,overcast clouds
495,Luwero,UG,2022-01-23 18:36:03,0.8492,32.4731,68.88,69,100,3.47,overcast clouds
496,Broken Hill,AU,2022-01-23 18:36:03,-31.95,141.4333,76.71,50,100,8.05,overcast clouds
497,Talas,TR,2022-01-23 18:36:04,38.6908,35.5538,20.07,93,100,9.22,snow
498,Marrakesh,MA,2022-01-23 18:35:03,31.6315,-8.0083,68.07,45,20,4.61,few clouds
499,Channel-Port Aux Basques,CA,2022-01-23 18:36:04,47.5702,-59.1367,27.36,69,100,13.4,overcast clouds
500,Dodan,PH,2022-01-23 18:36:04,17.6411,121.8001,71.53,95,8,1.39,clear sky
501,Vigrestad,NO,2022-01-23 18:36:05,58.5667,5.7,44.28,94,85,7.78,overcast clouds
502,Belmonte,BR,2022-01-23 18:36:05,-15.8631,-38.8828,84.7,62,100,7.9,overcast clouds
503,Bambanglipuro,ID,2022-01-23 18:36:05,-7.95,110.2833,77.88,85,51,8.05,broken clouds
504,Lengshuitan,CN,2022-01-23 18:36:06,26.4111,111.5956,41.34,88,95,5.32,overcast clouds
505,Henties Bay,NA,2022-01-23 18:36:06,-22.116,14.2845,73.96,80,27,7.43,scattered clouds
506,Hachinohe,JP,2022-01-23 18:37:06,40.5,141.5,33.82,100,75,10.36,mist
507,Siparia,TT,2022-01-23 18:37:07,10.1333,-61.5,86.83,78,56,5.01,broken clouds
508,San Luis Rio Colorado,MX,2022-01-23 18:37:07,32.4631,-114.7767,68.61,29,0,10.13,clear sky
509,Atambua,ID,2022-01-23 18:37:07,-9.1061,124.8925,74.26,89,100,0.11,overcast clouds
510,Evensk,RU,2022-01-23 18:37:08,61.95,159.2333,-19.95,80,64,7.11,broken clouds
511,Dawlatabad,AF,2022-01-23 18:37:08,36.4141,64.9053,35.15,67,0,3.02,clear sky
512,Pangody,RU,2022-01-23 18:32:19,65.85,74.4859,-9.76,100,99,6.24,overcast clouds
513,Kodinsk,RU,2022-01-23 18:32:09,58.6881,99.1844,1.67,98,100,0.56,overcast clouds
514,Aksu,CN,2022-01-23 18:37:09,41.1231,80.2644,25.38,55,100,2.51,overcast clouds
515,Mayo,US,2022-01-23 18:37:09,38.8876,-76.5119,41.74,52,0,11.01,clear sky
516,Port Said,EG,2022-01-23 18:37:09,31.2565,32.2841,51.78,87,40,5.75,scattered clouds
517,Kampene,CD,2022-01-23 18:37:09,-3.6,26.6667,67.89,98,100,1.63,light rain
518,Teguise,ES,2022-01-23 18:37:10,29.0605,-13.564,62.82,82,40,3.44,scattered clouds
519,Yaan,NG,2022-01-23 18:37:10,7.3833,8.5667,84.97,14,31,5.66,scattered clouds
520,Mount Gambier,AU,2022-01-23 18:37:10,-37.8333,140.7667,66.11,68,33,4.61,scattered clouds
521,Hirara,JP,2022-01-23 18:37:11,24.8,125.2833,71.15,82,47,17.13,scattered clouds
522,Talcahuano,CL,2022-01-23 18:37:11,-36.7167,-73.1167,63.55,74,0,15.88,clear sky
523,Pingliang,CN,2022-01-23 18:37:11,35.5392,106.6861,27.63,98,100,0.65,overcast clouds
524,Tavrichanka,RU,2022-01-23 18:37:12,43.3378,131.8639,8.46,92,10,6.17,clear sky
525,Palmer,US,2022-01-23 18:34:49,42.1584,-72.3287,35.08,44,100,1.99,overcast clouds
526,Kunda,IN,2022-01-23 18:37:12,25.7167,81.5167,57.85,80,24,5.19,few clouds
527,Salalah,OM,2022-01-23 18:37:13,17.0151,54.0924,73.49,16,0,8.05,clear sky
528,Barra,BR,2022-01-23 18:37:01,-11.0894,-43.1417,85.75,50,54,3.56,broken clouds
529,Kampong Thum,KH,2022-01-23 18:37:13,12.7111,104.8887,76.14,73,46,0.76,scattered clouds
530,Hualmay,PE,2022-01-23 18:37:13,-11.0964,-77.6139,76.48,74,34,10.78,scattered clouds
531,Yarada,IN,2022-01-23 18:37:13,17.65,83.2667,75.52,88,20,4.61,mist
532,Bradeni,RO,2022-01-23 18:37:14,46.0833,24.8333,20.66,98,85,2.53,overcast clouds
533,Visnes,NO,2022-01-23 18:37:14,59.3556,5.2242,45.57,87,75,14.97,broken clouds
534,Bosansko Grahovo,BA,2022-01-23 18:37:14,44.1794,16.3639,28.04,89,83,10.22,light snow
535,Neepawa,CA,2022-01-23 18:35:43,50.2289,-99.4664,3.6,92,100,6.38,light snow
536,Bakchar,RU,2022-01-23 18:37:15,57.0186,82.0711,-11.49,100,100,1.81,overcast clouds
537,Sur,OM,2022-01-23 18:37:15,22.5667,59.5289,68.04,59,0,13.33,clear sky
538,Hauterive,FR,2022-01-23 18:37:15,46.0901,3.4459,36.01,92,0,2.66,clear sky
539,Popondetta,PG,2022-01-23 18:37:16,-8.7537,148.2534,73.44,95,100,2.28,overcast clouds
540,Nemuro,JP,2022-01-23 18:37:16,43.3236,145.575,25.47,66,100,1.83,overcast clouds
541,Hay River,CA,2022-01-23 18:37:16,60.8156,-115.7999,-5.82,71,75,5.75,broken clouds
542,Palma Del Rio,ES,2022-01-23 18:37:16,37.7002,-5.2812,58.59,77,73,5.48,broken clouds
543,San Ignacio,BZ,2022-01-23 18:33:28,17.1561,-89.0714,77.65,84,29,3.29,scattered clouds
544,Tocopilla,CL,2022-01-23 18:37:17,-22.092,-70.1979,72.01,73,100,10.4,overcast clouds
545,Valparaiso,CL,2022-01-23 18:37:17,-33.0393,-71.6273,76.64,46,0,16.11,clear sky
546,Vysokogornyy,RU,2022-01-23 18:37:18,50.1167,139.15,-17.97,100,95,3.33,overcast clouds
547,Mugur-Aksy,RU,2022-01-23 18:37:18,50.35,90.5,-8.72,67,17,6.33,few clouds
548,Poya,NC,2022-01-23 18:37:18,-21.35,165.15,75.87,86,93,3.22,overcast clouds
549,Erzin,TR,2022-01-23 18:37:18,36.9559,36.2,41.52,64,27,16.6,scattered clouds
550,Dolna Banjica,MK,2022-01-23 18:37:19,41.7861,20.9061,24.87,83,32,3.98,scattered clouds
551,Kodino,RU,2022-01-23 18:37:19,63.7198,39.6447,17.58,92,100,9.69,overcast clouds
552,Luena,AO,2022-01-23 18:37:19,-11.7833,19.9167,62.11,95,100,3.76,light rain
553,Altay,CN,2022-01-23 18:37:20,47.8667,88.1167,5.29,61,1,7.87,clear sky
554,Zhezkazgan,KZ,2022-01-23 18:38:20,47.8043,67.7144,10.65,97,100,5.64,overcast clouds
555,Beringovskiy,RU,2022-01-23 18:38:20,63.05,179.3167,-20.69,97,68,4.85,broken clouds
556,Perth,AU,2022-01-23 18:37:27,-31.9333,115.8333,73.09,62,0,10.36,clear sky
557,Coquimbo,CL,2022-01-23 18:38:21,-29.9533,-71.3436,68.83,69,2,13.15,clear sky
558,Port Pirie,AU,2022-01-23 18:38:21,-33.1833,138.0167,71.69,72,71,6.44,broken clouds
559,Wahiawa,US,2022-01-23 18:38:21,21.5028,-158.0236,73.8,78,75,0.0,broken clouds
560,Les Cayes,HT,2022-01-23 18:38:22,18.2,-73.75,82.96,58,20,10.02,few clouds
561,Saryozek,KZ,2022-01-23 18:38:22,44.3583,77.9753,23.11,91,100,1.99,light snow
562,Vieques,PR,2022-01-23 18:38:22,18.425,-65.8329,84.88,50,40,12.66,scattered clouds
563,Igarka,RU,2022-01-23 18:38:23,67.4667,86.5833,-8.99,100,93,5.01,overcast clouds
564,Jalpan,MX,2022-01-23 18:38:23,21.2333,-99.4833,70.95,56,95,5.3,overcast clouds
565,Mount Isa,AU,2022-01-23 18:38:23,-20.7333,139.5,74.97,100,100,0.0,overcast clouds
566,Kavaratti,IN,2022-01-23 18:38:24,10.5669,72.642,79.99,63,7,13.18,clear sky
567,Omboue,GA,2022-01-23 18:33:33,-1.5746,9.2618,77.61,83,97,8.86,overcast clouds
568,Aykhal,RU,2022-01-23 18:38:24,66.0,111.5,-6.75,100,78,7.58,broken clouds
569,Ballina,AU,2022-01-23 18:38:24,-28.8667,153.5667,67.96,88,40,8.05,scattered clouds
570,Dawson Creek,CA,2022-01-23 18:38:25,55.7666,-120.2362,40.64,56,75,26.46,broken clouds
571,Penha,BR,2022-01-23 18:38:25,-26.7694,-48.6458,89.46,78,0,18.41,clear sky
572,Srandakan,ID,2022-01-23 18:38:26,-7.9386,110.2506,78.19,84,55,8.1,broken clouds
573,Zhanakorgan,KZ,2022-01-23 18:38:26,43.9098,67.2495,25.18,86,6,4.09,clear sky
574,Pangai,TO,2022-01-23 18:38:26,-19.8,-174.35,80.83,76,26,10.29,scattered clouds
575,Rudbar,AF,2022-01-23 18:38:27,30.15,62.6,44.02,39,0,3.06,clear sky
576,Kuytun,RU,2022-01-23 18:38:27,54.3419,101.5036,4.87,97,100,3.89,overcast clouds
577,Swan Hill,AU,2022-01-23 18:38:27,-35.3378,143.5544,75.92,37,100,6.38,overcast clouds
578,Fort Nelson,CA,2022-01-23 18:37:19,58.8053,-122.7002,17.19,86,75,3.44,broken clouds
579,Constitucion,CL,2022-01-23 18:38:28,-35.3333,-72.4167,69.64,57,0,20.45,clear sky
580,Arlit,NE,2022-01-23 18:38:28,18.7369,7.3853,66.33,16,0,16.37,clear sky
581,Katsuura,JP,2022-01-23 18:38:28,35.1333,140.3,44.11,87,100,8.81,moderate rain
582,Uvat,RU,2022-01-23 18:38:29,59.1433,68.8953,-1.64,100,94,3.67,overcast clouds
583,Goure,NE,2022-01-23 18:38:29,13.9835,10.2704,71.02,13,50,10.04,scattered clouds
584,Shakawe,BW,2022-01-23 18:38:29,-18.3667,21.85,68.04,63,68,3.96,broken clouds
585,Imbituba,BR,2022-01-23 18:38:30,-28.24,-48.6703,87.69,60,0,18.37,clear sky
586,Caucaia,BR,2022-01-23 18:38:30,-3.7361,-38.6531,85.95,69,40,14.97,scattered clouds
587,Navahrudak,BY,2022-01-23 18:38:30,53.6,25.8333,7.57,97,54,1.66,broken clouds
588,Khorinsk,RU,2022-01-23 18:38:31,52.1657,109.7726,3.87,98,100,1.19,overcast clouds
589,Kathu,TH,2022-01-23 18:38:31,7.9178,98.3332,76.82,77,16,8.59,few clouds
590,Krasnoye,UA,2022-01-23 18:38:31,49.9145,24.6134,20.55,97,97,4.72,overcast clouds
591,Conde,BR,2022-01-23 18:38:32,-7.2597,-34.9075,85.46,66,40,9.22,scattered clouds
592,La Palma,US,2022-01-23 18:38:32,33.8464,-118.0467,74.77,26,0,3.0,clear sky
593,Ravels,BE,2022-01-23 18:38:32,51.372,4.9904,42.94,93,6,4.25,clear sky
594,Krasnyy Chikoy,RU,2022-01-23 18:38:33,50.3643,108.7512,8.04,98,100,2.26,overcast clouds
595,Dyer,US,2022-01-23 18:38:33,36.0501,-89.4001,49.78,42,0,13.8,clear sky
596,Ahipara,NZ,2022-01-23 18:38:33,-35.1667,173.1667,67.55,90,100,9.06,light rain
597,Micoud,LC,2022-01-23 18:38:33,13.8167,-60.9,84.13,61,40,23.02,scattered clouds
598,Akyab,MM,2022-01-23 18:38:34,20.15,92.9,67.23,66,4,6.11,clear sky
599,Mizdah,LY,2022-01-23 18:39:34,31.4451,12.9801,50.25,59,92,7.72,overcast clouds
600,Imatra,FI,2022-01-23 18:39:34,61.1719,28.7524,30.58,94,100,1.01,overcast clouds
601,Safford,US,2022-01-23 18:39:35,32.834,-109.7076,55.11,43,0,9.22,clear sky
602,Ust-Nera,RU,2022-01-23 18:39:35,64.5667,143.2,-18.94,98,100,2.24,overcast clouds
603,Nador,MA,2022-01-23 18:39:35,35.174,-2.9287,55.65,76,75,10.36,broken clouds
604,Bathsheba,BB,2022-01-23 18:39:36,13.2167,-59.5167,84.81,58,20,19.57,few clouds
605,Esmeraldas,BR,2022-01-23 18:39:36,-19.7625,-44.3139,87.91,61,88,3.74,overcast clouds
606,Kashi,CN,2022-01-23 18:39:36,39.4547,75.9797,25.81,46,63,4.47,broken clouds
607,Tonantins,BR,2022-01-23 18:39:37,-2.8731,-67.8022,86.2,64,95,1.77,overcast clouds
608,Beloha,MG,2022-01-23 18:39:37,-25.1667,45.05,74.05,83,98,19.95,overcast clouds
609,Anchorage,US,2022-01-23 18:35:00,61.2181,-149.9003,42.01,80,100,3.0,overcast clouds
610,Peniche,PT,2022-01-23 18:39:37,39.3558,-9.3811,57.76,73,15,10.94,few clouds
611,Zhangjiakou,CN,2022-01-23 18:39:37,40.81,114.8794,16.9,95,70,0.89,broken clouds
612,Alta,NO,2022-01-23 18:39:38,69.9689,23.2717,40.26,65,0,20.71,clear sky
613,Ambilobe,MG,2022-01-23 18:39:38,-13.2,49.05,73.98,97,100,5.19,moderate rain
614,Vanavara,RU,2022-01-23 18:39:38,60.34,102.2797,-9.0,100,100,2.46,overcast clouds
615,Iquique,CL,2022-01-23 18:39:39,-20.2208,-70.1431,71.76,76,76,6.38,broken clouds
616,Ushumun,RU,2022-01-23 18:39:39,52.7833,126.5333,-3.8,93,5,7.49,clear sky
617,Omsukchan,RU,2022-01-23 18:39:39,62.5333,155.8,-29.87,99,100,5.01,overcast clouds
618,Kurchum,KZ,2022-01-23 18:39:40,48.5722,83.6542,-12.05,96,41,1.9,scattered clouds
619,Waycross,US,2022-01-23 18:39:40,31.2136,-82.354,52.32,56,0,6.91,clear sky
620,Walvis Bay,NA,2022-01-23 18:39:40,-22.9575,14.5053,86.95,39,40,6.91,scattered clouds
621,Banda,IN,2022-01-23 18:39:41,25.4833,80.3333,61.02,76,98,7.56,overcast clouds
622,Yarim,YE,2022-01-23 18:39:41,14.298,44.3779,53.74,66,1,3.94,clear sky
623,Chifeng,CN,2022-01-23 18:39:41,42.2683,118.9636,13.39,52,100,0.94,overcast clouds
624,Aswan,EG,2022-01-23 18:39:41,24.0934,32.907,55.92,31,4,11.27,clear sky
625,Bodden Town,KY,2022-01-23 18:39:42,19.2833,-81.25,83.98,67,20,8.01,few clouds
626,Vysokaya Gora,RU,2022-01-23 18:39:42,55.9128,49.3017,17.78,97,100,3.44,light snow
627,Sanming,CN,2022-01-23 18:38:05,26.2486,117.6186,57.69,96,97,2.68,overcast clouds
628,Abu Samrah,SY,2022-01-23 18:39:42,35.3029,37.1841,40.93,68,29,7.02,scattered clouds
629,Jumla,NP,2022-01-23 18:39:43,29.2747,82.1838,29.05,97,94,4.99,light snow
630,Santa Cruz Cabralia,BR,2022-01-23 18:37:31,-16.2781,-39.0247,84.43,61,40,10.36,scattered clouds
631,Zhob,PK,2022-01-23 18:39:43,31.3411,69.4481,36.48,55,0,2.98,clear sky
632,Micheweni,TZ,2022-01-23 18:39:43,-4.9667,39.8333,80.94,78,100,17.02,overcast clouds
633,Korla,CN,2022-01-23 18:39:44,41.7597,86.1469,24.76,53,100,1.54,overcast clouds
634,Santa Rosa,PH,2022-01-23 18:38:14,14.3122,121.1114,78.78,85,25,4.32,scattered clouds
635,Kenai,US,2022-01-23 18:35:18,60.5544,-151.2583,32.14,99,100,4.61,overcast clouds
636,Rajshahi,BD,2022-01-23 18:39:44,24.3667,88.6,61.29,72,99,1.25,overcast clouds
637,Shingu,JP,2022-01-23 18:39:45,33.7333,135.9833,48.25,95,100,6.51,overcast clouds
638,Massakory,TD,2022-01-23 18:39:45,12.996,15.7293,73.36,10,0,10.56,clear sky
639,Pampa,US,2022-01-23 18:38:05,35.5362,-100.9599,52.34,40,0,6.91,clear sky
640,Taylorville,US,2022-01-23 18:39:45,39.5489,-89.2945,27.0,63,100,16.11,overcast clouds
641,Naze,JP,2022-01-23 18:39:46,28.3667,129.4833,64.65,87,93,10.51,overcast clouds
642,Mattru,SL,2022-01-23 18:39:46,7.6244,-11.8332,80.98,56,0,6.91,clear sky
643,Lata,PT,2022-01-23 18:39:46,40.1629,-8.3327,55.81,73,0,2.39,clear sky
644,San Jeronimo,PE,2022-01-23 18:40:47,-11.9472,-75.2829,57.51,67,94,6.98,overcast clouds
645,Moissala,TD,2022-01-23 18:40:47,8.3404,17.7663,78.82,18,9,5.46,clear sky
646,Gangapur,IN,2022-01-23 18:40:47,26.4833,76.7167,53.4,58,0,5.59,clear sky
647,Pyu,MM,2022-01-23 18:40:47,18.4833,96.4333,62.02,64,4,2.17,clear sky
648,Marsa Matruh,EG,2022-01-23 18:40:48,31.3525,27.2453,50.2,81,40,13.8,scattered clouds
649,Adrar,MR,2022-01-23 18:40:48,20.5022,-10.0711,72.82,16,0,11.16,clear sky
650,Cedar City,US,2022-01-23 18:40:48,37.6775,-113.0619,34.39,70,0,4.61,clear sky
651,Spanish Town,JM,2022-01-23 18:40:49,17.9911,-76.9574,83.82,71,20,12.66,few clouds
652,Loa Janan,ID,2022-01-23 18:40:49,-0.583,117.095,73.09,98,97,1.19,overcast clouds
653,Rabo De Peixe,PT,2022-01-23 18:40:49,37.8,-25.5833,62.28,95,20,9.22,few clouds
654,Panzhihua,CN,2022-01-23 18:40:50,26.5851,101.7128,45.63,71,14,1.05,few clouds
655,Port Moresby,PG,2022-01-23 18:40:50,-9.4431,147.1797,72.82,100,0,4.61,clear sky
656,Guymon,US,2022-01-23 18:40:50,36.6828,-101.4816,55.4,28,0,8.05,clear sky
657,Le Port,RE,2022-01-23 18:40:50,-20.9373,55.2919,82.4,84,32,6.02,scattered clouds
658,Taoudenni,ML,2022-01-23 18:40:51,22.6783,-3.9836,70.7,15,83,11.3,broken clouds
659,Hohhot,CN,2022-01-23 18:40:51,40.8106,111.6522,23.29,93,40,2.24,mist
660,Rawson,AR,2022-01-23 18:40:51,-43.3002,-65.1023,77.16,28,36,27.89,scattered clouds
661,Crotone,IT,2022-01-23 18:40:52,39.0851,17.1178,48.15,49,0,6.91,clear sky
662,Kiratpur,IN,2022-01-23 18:40:52,29.5167,78.2,53.35,97,100,3.83,overcast clouds
663,Victor Harbor,AU,2022-01-23 18:40:52,-35.5667,138.6167,76.71,92,100,4.74,overcast clouds
664,Hobyo,SO,2022-01-23 18:40:53,5.3505,48.5268,77.27,71,100,20.54,overcast clouds
665,Doha,QA,2022-01-23 18:37:41,25.2867,51.5333,60.78,49,0,4.61,clear sky
666,Mabay,PH,2022-01-23 18:40:53,6.0577,124.4666,78.53,87,100,4.29,overcast clouds
667,Chicama,PE,2022-01-23 18:40:53,-7.8447,-79.1469,66.74,59,33,12.64,scattered clouds
668,Tarko-Sale,RU,2022-01-23 18:40:53,64.9225,77.785,-12.64,100,100,4.12,overcast clouds
